{
    "start_date": "2022-03-01",
    "initial_stock_values": {
        "ro": [
            84405
        ],
        "iio": [
            12166
        ],
        "ia": [
            6063
        ],
        "topc": [
            9396
        ],
        "ppan": [
            15088
        ],
        "ppb": [
            22632
        ],
        "ppcs": [
            4977
        ],
        "ppr": [
            1349
        ],
        "tokb": [
            143
        ],
        "pkbr": [
            891
        ],
        "csc": [
            714
        ],
        "cpts": [
            9930
        ],
        "camp": [
            543
        ],
        "pkbb": [
            891
        ]
    },
    "ro_inflow_params": {
        "mean": 91347.375,
        "std": 10013.434357695143
    },
    "forecast_months": 60,
    "capacity_limits": {
        "cap_pc": 11537,
        "cap_kb": 214
    },
    "parameters": {
        "a2": 0.8695118496836937,
        "a3": 0.1304881503163063,
        "a4": 0.2437096695260667,
        "a5": 0.24737655291987387,
        "a6": 0.5089137775540594,
        "a7": 0.18277043966837697,
        "a8": 0.5188375335709919,
        "a9": 0.11344419488003736,
        "a10": 0.18494783188059374,
        "a11": 0.2126412402594182,
        "a12": 0.14691418174250537,
        "a13": 0.12506947560150805,
        "a14": 0.8027233756409179,
        "a15": 0.19059207716400908,
        "a16": 0.4598430381548974,
        "a17": 0.01517119874715262,
        "a18": 0.17470903331435078,
        "a19": 0.061743664578587695,
        "a20": 0.08336151053530752,
        "a21": 0.014579477505694759,
        "a22": 0.051391107001765156,
        "a23": 0.0859195478196561,
        "a24": 0.1260375038426068,
        "a25": 0.08207808177067323,
        "a26": 0.4276052874269905,
        "a27": 0.3642791269597295,
        "a28": 0.7469518095606735,
        "a29": 0.08242555862318589,
        "a30": 0.2456664674237896,
        "a31": 0.0029728649490761948,
        "a32": 0.0859195478196561
    }
}